cores,run,time_s,type
1,1,0.2636283649999882,sequential
1,2,0.30131409099999473,sequential
2,1,0.5576203290000024,parallel
2,2,0.5832304400000226,parallel
