cores,time,speedup,efficiency
1,0.28247122799999147,1.0,1.0
2,0.5704253845000125,0.4951940002592667,0.24759700012963334
